{
  "timestamp": "2026-07-03T07:30:21",
  "conjectures_tested": [
    "C1 (original, permitted)",
    "C4 (unrestricted)",
    "C5 (edge-distance)",
    "C2/C3 (rank via Spearman)"
  ],
  "results": {
    "n10": {
      "C4_R2": 0.11883586972752722,
      "C4_spearman": 0.3447160177764324,
      "C5_R2": 0.4814429257113454
    },
    "n20": {
      "C4_R2": 0.09384618082896304,
      "C4_spearman": 0.2833608005356628,
      "C5_R2": 0.4294643767850704
    },
    "n50": {
      "C4_R2": 0.06479911213011089,
      "C4_spearman": 0.2247778714636063,
      "C5_R2": 0.363260852423264
    },
    "n100": {
      "C4_R2": 0.04744401898172885,
      "C4_spearman": 0.17615404443656685,
      "C5_R2": 0.29826293807227244
    }
  }
}