{
  "source": "Planck 2018 binned TT (COM_PowerSpect_CMB-TT-binned_R3.01)",
  "data_points": 83,
  "l_range": [
    47.711224,
    2499.024
  ],
  "residual_rms": 0.03809728052044843,
  "chi2_null_dof": 0.794165205466198,
  "results": {
    "2": {
      "A": 0.002905897336545898,
      "A_err": 0.002897319642112793,
      "l0": 117.86652586729211,
      "l0_err": 205410651.85531747,
      "phi": -0.13179896064444713,
      "phi_err": 15797446.057274401,
      "chi2": 62.13776282076605,
      "chi2_null": 65.12154684822823,
      "bic": 75.39428464415585,
      "bic_null": 65.12154684822823,
      "log_bf": -5.136368897963806,
      "SNR": 1.00296056199959,
      "converged": true
    },
    "3": {
      "A": 0.001081688804363515,
      "A_err": 0.0015948959281973831,
      "l0": 128.88367582827084,
      "l0_err": 490401459.692422,
      "phi": -0.21799806751451287,
      "phi_err": 21761521.4010193,
      "chi2": 64.71887760557445,
      "chi2_null": 65.12154684822823,
      "bic": 77.97539942896424,
      "bic_null": 65.12154684822823,
      "log_bf": -6.426926290368002,
      "SNR": 0.6782190519390717,
      "converged": true
    },
    "5": {
      "A": 0.0008814710105586357,
      "A_err": 0.0017428157321698085,
      "l0": 82.30880400097121,
      "l0_err": 313388517.07997626,
      "phi": 0.6205489390610455,
      "phi_err": 14864230.24280118,
      "chi2": 64.84450152202402,
      "chi2_null": 65.12154684822823,
      "bic": 78.10102334541381,
      "bic_null": 65.12154684822823,
      "log_bf": -6.489738248592786,
      "SNR": 0.5057740725470746,
      "converged": true
    },
    "7": {
      "A": 0.0009247643042422353,
      "A_err": 0.002060324911083611,
      "l0": 85.56302322067583,
      "l0_err": 825504420.9682513,
      "phi": 2.1638249020502194,
      "phi_err": 31152317.98563405,
      "chi2": 64.86093235230828,
      "chi2_null": 65.12154684822823,
      "bic": 78.11745417569807,
      "bic_null": 65.12154684822823,
      "log_bf": -6.4979536637349185,
      "SNR": 0.4488439174168229,
      "converged": true
    },
    "11": {
      "A": 0.000790659346273281,
      "A_err": 0.00167932490891036,
      "l0": 176.79937673788697,
      "l0_err": 1762007991.2991784,
      "phi": -0.8487070149775049,
      "phi_err": 26114204.365274753,
      "chi2": 64.93848940668184,
      "chi2_null": 65.12154684822823,
      "bic": 78.19501123007163,
      "bic_null": 65.12154684822823,
      "log_bf": -6.536732190921697,
      "SNR": 0.47081975743830595,
      "converged": true
    }
  }
}