{
  "ell": [
    47.711224,
    76.4716065,
    105.917385,
    135.605348,
    165.405597,
    195.26687,
    225.164945,
    255.086908,
    285.025248,
    314.975304,
    344.934027,
    374.899344,
    404.869791,
    434.844309,
    464.822111,
    494.802601,
    524.78532,
    554.769905,
    584.756069,
    614.743583,
    644.732258,
    674.721939,
    704.712498,
    734.703827,
    764.695836,
    794.688447,
    824.681596,
    854.675226,
    884.669287,
    914.663738,
    944.658541,
    974.653663,
    1004.64908,
    1034.64476,
    1064.64068,
    1094.63683,
    1124.63318,
    1154.62972,
    1184.62643,
    1214.62331,
    1244.62034,
    1274.61751,
    1304.61481,
    1334.61223,
    1364.60976,
    1394.6074,
    1424.60514,
    1454.60297,
    1484.60089,
    1514.5989,
    1544.59698,
    1574.59513,
    1604.59335,
    1634.59164,
    1664.58999,
    1694.58839,
    1724.58686,
    1754.58537,
    1784.58394,
    1814.58255,
    1844.58121,
    1874.57991,
    1904.57865,
    1934.57743,
    1964.57625,
    1994.5751,
    2024.57399,
    2054.57291,
    2084.57186,
    2114.57084,
    2144.56985,
    2174.56889,
    2204.56795,
    2234.56704,
    2264.56615,
    2294.56529,
    2324.56444,
    2354.56362,
    2384.56282,
    2414.56204,
    2444.56128,
    2474.56054,
    2499.024
  ],
  "Dl_obs": [
    1479.33552,
    2034.96833,
    2955.39416,
    3869.51392,
    4889.46506,
    5464.10945,
    5793.43954,
    5372.88375,
    4627.67753,
    3604.23851,
    2631.20029,
    2033.05943,
    1753.36253,
    1787.57901,
    2162.04649,
    2422.0848,
    2573.4805,
    2546.29768,
    2360.6453,
    2095.43505,
    1884.67698,
    1813.16288,
    1883.19393,
    2097.13072,
    2318.73584,
    2464.58129,
    2521.9126,
    2394.12077,
    2083.33867,
    1740.72841,
    1418.67342,
    1172.95424,
    1062.40462,
    1047.86241,
    1132.35191,
    1211.01851,
    1231.87224,
    1205.7805,
    1117.92662,
    968.422243,
    864.397967,
    761.605936,
    732.339633,
    737.290337,
    774.925851,
    806.625346,
    809.057064,
    777.751089,
    728.94358,
    648.288645,
    551.286111,
    476.600995,
    419.54127,
    395.211496,
    391.657847,
    392.947519,
    397.735803,
    383.011743,
    375.391143,
    340.139516,
    307.539268,
    273.859536,
    249.846901,
    244.2463,
    231.913142,
    234.658998,
    231.744942,
    219.660112,
    214.25265,
    196.716713,
    176.431323,
    152.227062,
    138.671109,
    121.459219,
    116.155153,
    117.768892,
    116.129438,
    109.714703,
    120.361413,
    90.4515698,
    103.080972,
    73.6743738,
    61.3290585
  ],
  "Dl_err": [
    50.7654876,
    54.7101576,
    64.976644,
    76.9143744,
    86.5856259,
    90.5533459,
    87.1348811,
    76.9383697,
    62.5199141,
    47.1589439,
    33.8762191,
    24.8190562,
    20.7109083,
    20.6713695,
    22.7523861,
    24.9726104,
    25.9184118,
    25.0510538,
    22.7209283,
    19.8505488,
    17.5025264,
    16.4306044,
    16.7990643,
    18.1645476,
    19.7363538,
    20.706222,
    20.519762,
    19.0381031,
    16.5790348,
    13.7374917,
    11.1420483,
    9.28646475,
    8.37987,
    8.30074773,
    8.68575434,
    9.11274984,
    9.26050628,
    8.98528122,
    8.33171031,
    7.54508665,
    6.64322644,
    5.98585735,
    5.68666086,
    5.71800485,
    5.94089388,
    6.17243469,
    6.25632882,
    6.1114343,
    5.74544667,
    5.24258624,
    4.72393254,
    4.300796,
    4.04442416,
    3.96833591,
    4.03423921,
    4.17356282,
    4.3166551,
    4.41586492,
    4.45733427,
    4.45892926,
    4.45749277,
    4.49350451,
    4.59652807,
    4.77758093,
    5.02866666,
    5.42839879,
    5.86880339,
    6.20024969,
    6.53323083,
    6.87393629,
    7.23789713,
    7.64417922,
    8.10965997,
    8.64541703,
    9.2555667,
    9.93861339,
    10.6905048,
    11.5085752,
    12.3926722,
    13.3433129,
    14.3819739,
    15.5113561,
    20.9398269
  ],
  "Dl_bestfit": [
    1461.11304,
    2062.38073,
    2904.52526,
    3902.48963,
    4861.35537,
    5534.80715,
    5726.93135,
    5374.98113,
    4588.32266,
    3596.89801,
    2667.45188,
    2018.16864,
    1748.34025,
    1821.92489,
    2098.23728,
    2397.72998,
    2571.44487,
    2551.80645,
    2364.3614,
    2104.80607,
    1890.96016,
    1812.52216,
    1896.7265,
    2102.25612,
    2338.80907,
    2504.1744,
    2522.77302,
    2371.41912,
    2083.35227,
    1732.53226,
    1405.02882,
    1170.14623,
    1058.87288,
    1059.3642,
    1126.6922,
    1202.98244,
    1238.5879,
    1208.04315,
    1115.02109,
    986.438951,
    859.46933,
    766.8453,
    725.319871,
    731.898515,
    767.047643,
    803.588527,
    816.784389,
    792.658706,
    731.230681,
    644.972815,
    552.838213,
    473.410287,
    418.888542,
    392.1526,
    387.313797,
    393.097715,
    397.391812,
    391.42736,
    371.983403,
    341.585903,
    306.53267,
    274.153525,
    250.006349,
    236.236579,
    231.349665,
    231.209089,
    230.81875,
    226.094532,
    215.102553,
    198.340298,
    178.237039,
    158.049842,
    140.733305,
    128.004092,
    120.051892,
    115.70577,
    113.100669,
    110.345705,
    106.13956,
    100.105444,
    92.6666904,
    84.8106882,
    78.7736295
  ],
  "residuals": [
    0.012471642851124053,
    -0.013291629232784742,
    0.017513671063752408,
    -0.008449916111628505,
    0.005782274254926611,
    -0.012773290574360791,
    0.011613233324335287,
    -0.00039021160247313416,
    0.008577180141032217,
    0.0020407862495940626,
    -0.013590344505108692,
    0.007378367548115267,
    0.0028725987404340414,
    -0.018851424769766485,
    0.03041086468542793,
    0.010157449005162798,
    0.0007916288712813472,
    -0.0021587726608340192,
    -0.0015717140366103264,
    -0.0044522011474435,
    -0.0033227458372259567,
    0.00035349636773549913,
    -0.0071346975960952085,
    -0.0024380473678915484,
    -0.008582671521792913,
    -0.015810843685647374,
    -0.000341061202565095,
    0.009573023093446245,
    -6.527940663519835e-06,
    0.004730734422226567,
    0.009711259872947006,
    0.002399708624451123,
    0.003335376764017346,
    -0.010857257589033147,
    0.00502329740101168,
    0.006680122446342699,
    -0.005422029393311586,
    -0.0018729877322675884,
    0.0026058072139245356,
    -0.018264392319195834,
    0.005734511782985881,
    -0.006832361103341065,
    0.009678160327142084,
    0.007366898401208052,
    0.010270819644510624,
    0.003779072122068807,
    -0.009460666859047994,
    -0.01880710687608353,
    -0.003127742119453009,
    0.005141038386245792,
    -0.0028075157677278557,
    0.0067398366440652125,
    0.0015582378951774353,
    0.007800269588930442,
    0.011215841092281,
    -0.0003820831164078224,
    0.0008656217607220351,
    -0.021499817999436722,
    0.009161000121287642,
    -0.004234328721697742,
    0.0032838196333199875,
    -0.0010723517051258432,
    -0.0006377758030456962,
    0.033905507072213334,
    0.0024356075899224063,
    0.0149211651450259,
    0.004012637621510448,
    -0.028458981042495928,
    -0.003951152546292707,
    -0.00818585540291964,
    -0.010130980688026455,
    -0.03684141614010612,
    -0.014653219435157868,
    -0.05113018574437456,
    -0.03245878873779013,
    0.017830761594689642,
    0.02677940835168709,
    -0.0057184101547042105,
    0.1339920101421185,
    -0.09643705491181882,
    0.11238430502963134,
    -0.13130791220250942,
    -0.2214519136762639
  ],